skill,skill_code,standard,standard_index,standard_code,standard_description,cluster,cluster_description,domain,domain_description,standard_code_index
A,3.OA.1.A,1,1,3.OA.1,Interpret products of whole numbers e.g. interpret 5 × 7 as the total number of objects in 5 groups of 7 objects each. For example describe a context in which a total number of objects can be expressed as 5 × 7.,A,Represent and solve problems involving multiplication and division.,3.OA,Operations and Algebraic Thinking,3.OA.1
A,3.OA.2.A,2,2,3.OA.2,Interpret whole-number quotients of whole numbers e.g. interpret 56 ÷ 8 as the number of objects in each share when 56 objects are partitioned \equally into 8 shares or as a number of shares when 56 objects are partitioned into equal shares of 8 objects each. For example describe a context in which a number of shares or a number of groups can be expressed as 56 ÷ 8.,A,Represent and solve problems involving multiplication and division.,3.OA,Operations and Algebraic Thinking,3.OA.2
A,3.OA.3.A,3,3,3.OA.3,Use multiplication and division within 100 to solve word problems in situations involving equal groups arrays and measurement quantities e.g. by using drawings and equations with a symbol for the unknown number to represent the problem.,A,Represent and solve problems involving multiplication and division.,3.OA,Operations and Algebraic Thinking,3.OA.3
A,3.OA.4.A,4,4,3.OA.4,Determine the unknown whole number in a multiplication or division equation relating three whole numbers. For example determine the unknown number that makes the equation true in each of the equations 8 × ? = 48 5 = ? ÷ 3 6 × 6 = ?.,A,Represent and solve problems involving multiplication and division.,3.OA,Operations and Algebraic Thinking,3.OA.4
A,3.OA.5.A,5,5,3.OA.5,Apply properties of operations as strategies to multiply and divide. Examples: If 6 × 4 = 24 is known then 4 × 6 = 24 is also known. (Commutative property of multiplication.) 3 × 5 × 2 can be found by 3 × 5 = 15 then 15 × 2 = 30 or by 5 × 2 = 10 then 3 × 10 = 30. (Associative property of multiplication.) Knowing that 8 × 5 = 40 and 8 × 2 = 16 one can find 8 × 7 as 8 × (5 + 2) = (8 × 5) + (8 × 2) = 40 + 16 = 56. (Distributive property.),B,Understand properties of multiplication and the relationship between multiplication and division.,3.OA,Operations and Algebraic Thinking,3.OA.5
A,3.OA.6.A,6,6,3.OA.6,Understand division as an unknown-factor problem. For example find 32 ÷ 8 by finding the number that makes 32 when multiplied by 8.,B,Understand properties of multiplication and the relationship between multiplication and division.,3.OA,Operations and Algebraic Thinking,3.OA.6
A,3.OA.7.A,7,7,3.OA.7,Fluently multiply and divide within 100 using strategies such as the relationship between multiplication and division (e.g. knowing that 8 × 5 = 40 one knows 40 ÷ 5 = 8) or properties of operations. By the end of Grade 3 know from memory all products of two one-digit numbers.,C,Multiply and divide within 100.,3.OA,Operations and Algebraic Thinking,3.OA.7
A,3.OA.8.A,8,8,3.OA.8,Solve two-step word problems using the four operations. Represent these problems using equations with a letter standing for the unknown quantity. Assess the reasonableness of answers using mental computation and estimation strategies including rounding.,D,Solve problems involving the four operations and identify and explain patterns in arithmetic.,3.OA,Operations and Algebraic Thinking,3.OA.8
A,3.OA.9.A,9,9,3.OA.9,Identify arithmetic patterns (including patterns in the addition table or multiplication table) and explain them using properties of operations. For example observe that 4 times a number is always even and explain why 4 times a number can be decomposed into two equal addends.,D,Solve problems involving the four operations and identify and explain patterns in arithmetic.,3.OA,Operations and Algebraic Thinking,3.OA.9
A,3.NBT.1.A,1,1,3.NBT.1,Use place value understanding to round whole numbers to the nearest 10 or 100.,A,Use place value understanding and properties of operations to perform multi-digit arithmetic.,3.NBT,Number and Operations in Base Ten,3.NBT.1
A,3.NBT.2.A,2,2,3.NBT.2,Fluently add and subtract within 1000 using strategies and algorithms based on place value properties of operations and/or the relationship between addition and subtraction.,A,Use place value understanding and properties of operations to perform multi-digit arithmetic.,3.NBT,Number and Operations in Base Ten,3.NBT.2
A,3.NBT.3.A,3,3,3.NBT.3,Multiply one-digit whole numbers by multiples of 10 in the range 10–90 (e.g. 9 × 80 5 × 60) using strategies based on place value and properties of operations.,A,Use place value understanding and properties of operations to perform multi-digit arithmetic.,3.NBT,Number and Operations in Base Ten,3.NBT.3
A,3.NF.1.A,1,1,3.NF.1,Understand a fraction 1/b as the quantity formed by 1 part when a whole is partitioned into b equal parts; understand a fraction a/b as the quantity formed by a parts of size 1/b.,A,Develop understanding of fractions as numbers.,3.NF,Number and Operations—Fractions,3.NF.1
A,3.NF.2A.A,2A,2,3.NF.2A,Represent a fraction 1/ b on a number line diagram by defining the interval from 0 to 1 as the whole and partitioning it into b equal parts. Recognize that each part has size 1/b and that the endpoint of the part based at 0 locates the number 1/b on the number line.,A,Develop understanding of fractions as numbers.,3.NF,Number and Operations—Fractions,3.NF.2
A,3.NF.2B.A,2B,3,3.NF.2B,Represent a fraction a/b on a number line diagram by marking off a lengths 1/b from 0. Recognize that the resulting interval has size a/b and that its endpoint locates the number a/b on the number line.,A,Develop understanding of fractions as numbers.,3.NF,Number and Operations—Fractions,3.NF.3
A,3.NF.3A.A,3A,4,3.NF.3A,Understand two fractions as equivalent (equal) if they are the same size or the same point on a number line.,A,Develop understanding of fractions as numbers.,3.NF,Number and Operations—Fractions,3.NF.4
A,3.NF.3B.A,3B,5,3.NF.3B,Recognize and generate simple equivalent fractions e.g. 1/2 = 2/4 4/6 = 2/3. Explain why the fractions are equivalent e.g. by using a visual fraction model.,A,Develop understanding of fractions as numbers.,3.NF,Number and Operations—Fractions,3.NF.5
A,3.NF.3C.A,3C,6,3.NF.3C,Express whole numbers as fractions and recognize fractions that are equivalent to whole numbers. Examples: Express 3 in the form 3 = 3/1; recognize that 6/1 = 6; locate 4/4 and 1 at the same point of a number line diagram.,A,Develop understanding of fractions as numbers.,3.NF,Number and Operations—Fractions,3.NF.6
A,3.NF.3D.A,3D,7,3.NF.3D,Compare two fractions with the same numerator or the same denominator by reasoning about their size. Recognize that comparisons are valid only when the two fractions refer to the same whole. Record the results of comparisons with the symbols > = or < and justify the conclusions e.g. by using a visual fraction model.,A,Develop understanding of fractions as numbers.,3.NF,Number and Operations—Fractions,3.NF.7
A,3.MD.1.A,1,1,3.MD.1,Tell and write time to the nearest minute and measure time intervals in minutes. Solve word problems involving addition and subtraction of time intervals in minutes e.g. by representing the problem on a number line diagram.,A,Solve problems involving measurement and estimation of intervals of time liquid volumes and masses of objects.,3.MD,Measurement and Data,3.MD.1
A,3.MD.2.A,2,2,3.MD.2,Measure and estimate liquid volumes and masses of objects using standard units of grams (g) kilograms (kg) and liters (l). Add subtract multiply or divide to solve one-step word problems involving masses or volumes that are given in the same units e.g. by using drawings (such as a beaker with a measurement scale) to represent the problem.,A,Solve problems involving measurement and estimation of intervals of time liquid volumes and masses of objects.,3.MD,Measurement and Data,3.MD.2
A,3.MD.3.A,3,3,3.MD.3,Draw a scaled picture graph and a scaled bar graph to represent a data set with several categories. Solve one- and two-step “how many more” and “how many less” problems using information presented in scaled bar graphs. For example draw a bar graph in which each square in the bar graph might represent 5 pets.,B,Represent and interpret data,3.MD,Measurement and Data,3.MD.3
A,3.MD.4.A,4,4,3.MD.4,Generate measurement data by measuring lengths using rulers marked with halves and fourths of an inch. Show the data by making a line plot where the horizontal scale is marked off in appropriate units—whole numbers halves or quarters.,B,Represent and interpret data,3.MD,Measurement and Data,3.MD.4
A,3.MD.5A.A,5A,5,3.MD.5A,A square with side length 1 unit called “a unit square” is said to have “one square unit” of area and can be used to measure area.,C,Geometric measurement: understand concepts of area and relate area to multiplication and to addition.,3.MD,Measurement and Data,3.MD.5
A,3.MD.5B.A,5B,6,3.MD.5B,A plane figure which can be covered without gaps or overlaps by n unit squares is said to have an area of n square units.,C,Geometric measurement: understand concepts of area and relate area to multiplication and to addition.,3.MD,Measurement and Data,3.MD.6
A,3.MD.6.A,6,7,3.MD.6,Measure areas by counting unit squares (square cm square m square in square ft and improvised units).,C,Geometric measurement: understand concepts of area and relate area to multiplication and to addition.,3.MD,Measurement and Data,3.MD.7
A,3.MD.7A.A,7A,8,3.MD.7A,Find the area of a rectangle with whole-number side lengths by tiling it and show that the area is the same as would be found by multiplying the side lengths.,C,Geometric measurement: understand concepts of area and relate area to multiplication and to addition.,3.MD,Measurement and Data,3.MD.8
A,3.MD.7B.A,7B,9,3.MD.7B,Multiply side lengths to find areas of rectangles with whole-number side lengths in the context of solving real world and mathematical problems and represent whole-number products as rectangular areas in mathematical reasoning.,C,Geometric measurement: understand concepts of area and relate area to multiplication and to addition.,3.MD,Measurement and Data,3.MD.9
A,3.MD.7C.A,7C,10,3.MD.7C,Use tiling to show in a concrete case that the area of a rectangle with whole-number side lengths a and b + c is the sum of a × b and a × c. Use area models to represent the distributive property in mathematical reasoning.,C,Geometric measurement: understand concepts of area and relate area to multiplication and to addition.,3.MD,Measurement and Data,3.MD.10
A,3.MD.7D.A,7D,11,3.MD.7D,Recognize area as additive. Find areas of rectilinear figures by decomposing them into non-overlapping rectangles and adding the areas of the nonoverlapping parts applying this technique to solve real world problems.,C,Geometric measurement: understand concepts of area and relate area to multiplication and to addition.,3.MD,Measurement and Data,3.MD.11
A,3.MD.8.A,8,12,3.MD.8,Solve real world and mathematical problems involving perimeters of polygons including finding the perimeter given the side lengths finding an unknown side length and exhibiting rectangles with the same perimeter and different areas or with the same area and different perimeters.,D,Geometric measurement: recognize perimeter as an attribute of plane figures and distinguish between linear and area measures.,3.MD,Measurement and Data,3.MD.12
A,3.G.1.A,1,1,3.G.1,Understand that shapes in different categories (e.g. rhombuses rectangles and others) may share attributes (e.g. having four sides) and that the shared attributes can define a larger category (e.g. quadrilaterals). Recognize rhombuses rectangles and squares as examples of quadrilaterals and draw examples of quadrilaterals that do not belong to any of these subcategories.,A,Reason with shapes and their attributes.,3.G,Geometry,3.G.1
A,3.G.2.A,2,2,3.G.2,Partition shapes into parts with equal areas. Express the area of each part as a unit fraction of the whole. For example partition a shape into 4 parts with equal area and describe the area of each part as 1/4 of the area of the shape.,A,Reason with shapes and their attributes.,3.G,Geometry,3.G.2
B,3.OA.1.B,1,1,3.OA.1,Interpret products of whole numbers e.g. interpret 5 × 7 as the total number of objects in 5 groups of 7 objects each. For example describe a context in which a total number of objects can be expressed as 5 × 7.,A,Represent and solve problems involving multiplication and division.,3.OA,Operations and Algebraic Thinking,3.OA.1
B,3.OA.2.B,2,2,3.OA.2,Interpret whole-number quotients of whole numbers e.g. interpret 56 ÷ 8 as the number of objects in each share when 56 objects are partitioned \equally into 8 shares or as a number of shares when 56 objects are partitioned into equal shares of 8 objects each. For example describe a context in which a number of shares or a number of groups can be expressed as 56 ÷ 8.,A,Represent and solve problems involving multiplication and division.,3.OA,Operations and Algebraic Thinking,3.OA.2
B,3.OA.3.B,3,3,3.OA.3,Use multiplication and division within 100 to solve word problems in situations involving equal groups arrays and measurement quantities e.g. by using drawings and equations with a symbol for the  unknown number to represent the problem.,A,Represent and solve problems involving multiplication and division.,3.OA,Operations and Algebraic Thinking,3.OA.3
B,3.OA.4.B,4,4,3.OA.4,Determine the unknown whole number in a multiplication or division equation relating three whole numbers. For example determine the unknown number that makes the equation true in each of the equations 8 × ? = 48 5 = ? ÷ 3 6 × 6 = ?.,A,Represent and solve problems involving multiplication and division.,3.OA,Operations and Algebraic Thinking,3.OA.4
B,3.OA.5.B,5,5,3.OA.5,Apply properties of operations as strategies to multiply and divide. Examples: If 6 × 4 = 24 is known then 4 × 6 = 24 is also known. (Commutative property of multiplication.) 3 × 5 × 2 can be found by 3 × 5 = 15 then 15 × 2 = 30 or by 5 × 2 = 10 then 3 × 10 = 30. (Associative property of multiplication.) Knowing that 8 × 5 = 40 and 8 × 2 = 16 one can find 8 × 7 as 8 × (5 + 2) = (8 × 5) + (8 × 2) = 40 + 16 = 56. (Distributive property.),B,Understand properties of multiplication and the relationship between multiplication and division.,3.OA,Operations and Algebraic Thinking,3.OA.5
B,3.OA.6.B,6,6,3.OA.6,Understand division as an unknown-factor problem. For example find 32 ÷ 8 by finding the number that makes 32 when multiplied by 8.,B,Understand properties of multiplication and the relationship between multiplication and division.,3.OA,Operations and Algebraic Thinking,3.OA.6
B,3.OA.7.B,7,7,3.OA.7,Fluently multiply and divide within 100 using strategies such as the relationship between multiplication and division (e.g. knowing that 8 × 5 = 40 one knows 40 ÷ 5 = 8) or properties of operations. By the end of Grade 3 know from memory all products of two one-digit numbers.,C,Multiply and divide within 100.,3.OA,Operations and Algebraic Thinking,3.OA.7
B,3.OA.8.B,8,8,3.OA.8,Solve two-step word problems using the four operations. Represent these problems using equations with a letter standing for the unknown quantity. Assess the reasonableness of answers using mental computation and estimation strategies including rounding.,D,Solve problems involving the four operations and identify and explain patterns in arithmetic.,3.OA,Operations and Algebraic Thinking,3.OA.8
B,3.OA.9.B,9,9,3.OA.9,Identify arithmetic patterns (including patterns in the addition table or multiplication table) and explain them using properties of operations. For example observe that 4 times a number is always even and explain why 4 times a number can be decomposed into two equal addends.,D,Solve problems involving the four operations and identify and explain patterns in arithmetic.,3.OA,Operations and Algebraic Thinking,3.OA.9
B,3.NBT.1.B,1,1,3.NBT.1,Use place value understanding to round whole numbers to the nearest 10 or 100.,A,Use place value understanding and properties of operations to perform multi-digit arithmetic.,3.NBT,Number and Operations in Base Ten,3.NBT.1
B,3.NBT.2.B,2,2,3.NBT.2,Fluently add and subtract within 1000 using strategies and algorithms based on place value properties of operations and/or the relationship between addition and subtraction.,A,Use place value understanding and properties of operations to perform multi-digit arithmetic.,3.NBT,Number and Operations in Base Ten,3.NBT.2
B,3.NBT.3.B,3,3,3.NBT.3,Multiply one-digit whole numbers by multiples of 10 in the range 10–90 (e.g. 9 × 80 5 × 60) using strategies based on place value and properties of operations.,A,Use place value understanding and properties of operations to perform multi-digit arithmetic.,3.NBT,Number and Operations in Base Ten,3.NBT.3
B,3.NF.1.B,1,1,3.NF.1,Understand a fraction 1/b as the quantity formed by 1 part when a whole is partitioned into b equal parts; understand a fraction a/b as the quantity formed by a parts of size 1/b.,A,Develop understanding of fractions as numbers.,3.NF,Number and Operations—Fractions,3.NF.1
B,3.NF.2A.B,2A,2,3.NF.2A,Represent a fraction 1/ b on a number line diagram by defining the interval from 0 to 1 as the whole and partitioning it into b equal parts. Recognize that each part has size 1/b and that the endpoint of the part based at 0 locates the number 1/b on the number line.,A,Develop understanding of fractions as numbers.,3.NF,Number and Operations—Fractions,3.NF.2
B,3.NF.2B.B,2B,3,3.NF.2B,Represent a fraction a/b on a number line diagram by marking off a lengths 1/b from 0. Recognize that the resulting interval has size a/b and that its endpoint locates the number a/b on the number line.,A,Develop understanding of fractions as numbers.,3.NF,Number and Operations—Fractions,3.NF.3
B,3.NF.3A.B,3A,4,3.NF.3A,Understand two fractions as equivalent (equal) if they are the same size or the same point on a number line.,A,Develop understanding of fractions as numbers.,3.NF,Number and Operations—Fractions,3.NF.4
B,3.NF.3B.B,3B,5,3.NF.3B,Recognize and generate simple equivalent fractions e.g. 1/2 = 2/4 4/6 = 2/3. Explain why the fractions are equivalent e.g. by using a visual fraction model.,A,Develop understanding of fractions as numbers.,3.NF,Number and Operations—Fractions,3.NF.5
B,3.NF.3C.B,3C,6,3.NF.3C,Express whole numbers as fractions and recognize fractions that are equivalent to whole numbers. Examples: Express 3 in the form 3 = 3/1; recognize that 6/1 = 6; locate 4/4 and 1 at the same point of a number line diagram.,A,Develop understanding of fractions as numbers.,3.NF,Number and Operations—Fractions,3.NF.6
B,3.NF.3D.B,3D,7,3.NF.3D,Compare two fractions with the same numerator or the same denominator by reasoning about their size. Recognize that comparisons are valid only when the two fractions refer to the same whole. Record the results of comparisons with the symbols > = or < and justify the conclusions e.g. by using a visual fraction model.,A,Develop understanding of fractions as numbers.,3.NF,Number and Operations—Fractions,3.NF.7
B,3.MD.1.B,1,1,3.MD.1,Tell and write time to the nearest minute and measure time intervals in minutes. Solve word problems involving addition and subtraction of time intervals in minutes e.g. by representing the problem on a number line diagram.,A,Solve problems involving measurement and estimation of intervals of time liquid volumes and masses of objects.,3.MD,Measurement and Data,3.MD.1
B,3.MD.2.B,2,2,3.MD.2,Measure and estimate liquid volumes and masses of objects using standard units of grams (g) kilograms (kg) and liters (l). Add subtract multiply or divide to solve one-step word problems involving masses or volumes that are given in the same units e.g. by using drawings (such as a beaker with a measurement scale) to represent the problem.,A,Solve problems involving measurement and estimation of intervals of time liquid volumes and masses of objects.,3.MD,Measurement and Data,3.MD.2
B,3.MD.3.B,3,3,3.MD.3,Draw a scaled picture graph and a scaled bar graph to represent a data set with several categories. Solve one- and two-step “how many more” and “how many less” problems using information presented in scaled bar graphs. For example draw a bar graph in which each square in the bar graph might represent 5 pets.,B,Represent and interpret data,3.MD,Measurement and Data,3.MD.3
B,3.MD.4.B,4,4,3.MD.4,Generate measurement data by measuring lengths using rulers marked with halves and fourths of an inch. Show the data by making a line plot where the horizontal scale is marked off in appropriate units—whole numbers halves or quarters.,B,Represent and interpret data,3.MD,Measurement and Data,3.MD.4
B,3.MD.5A.B,5A,5,3.MD.5A,A square with side length 1 unit called “a unit square” is said to have “one square unit” of area and can be used to measure area.,C,Geometric measurement: understand concepts of area and relate area to multiplication and to addition.,3.MD,Measurement and Data,3.MD.5
B,3.MD.5B.B,5B,6,3.MD.5B,A plane figure which can be covered without gaps or overlaps by n unit squares is said to have an area of n square units.,C,Geometric measurement: understand concepts of area and relate area to multiplication and to addition.,3.MD,Measurement and Data,3.MD.6
B,3.MD.6.B,6,7,3.MD.6,Measure areas by counting unit squares (square cm square m square in square ft and improvised units).,C,Geometric measurement: understand concepts of area and relate area to multiplication and to addition.,3.MD,Measurement and Data,3.MD.7
B,3.MD.7A.B,7A,8,3.MD.7A,Find the area of a rectangle with whole-number side lengths by tiling it and show that the area is the same as would be found by multiplying the side lengths.,C,Geometric measurement: understand concepts of area and relate area to multiplication and to addition.,3.MD,Measurement and Data,3.MD.8
B,3.MD.7B.B,7B,9,3.MD.7B,Multiply side lengths to find areas of rectangles with whole-number side lengths in the context of solving real world and mathematical problems and represent whole-number products as rectangular areas in mathematical reasoning.,C,Geometric measurement: understand concepts of area and relate area to multiplication and to addition.,3.MD,Measurement and Data,3.MD.9
B,3.MD.7C.B,7C,10,3.MD.7C,Use tiling to show in a concrete case that the area of a rectangle with whole-number side lengths a and b + c is the sum of a × b and a × c. Use area models to represent the distributive property in mathematical reasoning.,C,Geometric measurement: understand concepts of area and relate area to multiplication and to addition.,3.MD,Measurement and Data,3.MD.10
B,3.MD.7D.B,7D,11,3.MD.7D,Recognize area as additive. Find areas of rectilinear figures by decomposing them into non-overlapping rectangles and adding the areas of the nonoverlapping parts applying this technique to solve real world problems.,C,Geometric measurement: understand concepts of area and relate area to multiplication and to addition.,3.MD,Measurement and Data,3.MD.11
B,3.MD.8.B,8,12,3.MD.8,Solve real world and mathematical problems involving perimeters of polygons including finding the perimeter given the side lengths finding an unknown side length and exhibiting rectangles with the same perimeter and different areas or with the same area and different perimeters.,D,Geometric measurement: recognize perimeter as an attribute of plane figures and distinguish between linear and area measures.,3.MD,Measurement and Data,3.MD.12
B,3.G.1.B,1,1,3.G.1,Understand that shapes in different categories (e.g. rhombuses rectangles and others) may share attributes (e.g. having four sides) and that the shared attributes can define a larger category (e.g. quadrilaterals). Recognize rhombuses rectangles and squares as examples of quadrilaterals and draw examples of quadrilaterals that do not belong to any of these subcategories.,A,Reason with shapes and their attributes.,3.G,Geometry,3.G.1
B,3.G.2.B,2,2,3.G.2,Partition shapes into parts with equal areas. Express the area of each part as a unit fraction of the whole. For example partition a shape into 4 parts with equal area and describe the area of each part as 1/4 of the area of the shape.,A,Reason with shapes and their attributes.,3.G,Geometry,3.G.2
C,3.OA.1.C,1,1,3.OA.1,Interpret products of whole numbers e.g. interpret 5 × 7 as the total number of objects in 5 groups of 7 objects each. For example describe a context in which a total number of objects can be expressed as 5 × 7.,A,Represent and solve problems involving multiplication and division.,3.OA,Operations and Algebraic Thinking,3.OA.1
C,3.OA.2.C,2,2,3.OA.2,Interpret whole-number quotients of whole numbers e.g. interpret 56 ÷ 8 as the number of objects in each share when 56 objects are partitioned \equally into 8 shares or as a number of shares when 56 objects are partitioned into equal shares of 8 objects each. For example describe a context in which a number of shares or a number of groups can be expressed as 56 ÷ 8.,A,Represent and solve problems involving multiplication and division.,3.OA,Operations and Algebraic Thinking,3.OA.2
C,3.OA.3.C,3,3,3.OA.3,Use multiplication and division within 100 to solve word problems in situations involving equal groups arrays and measurement quantities e.g. by using drawings and equations with a symbol for the  unknown number to represent the problem.,A,Represent and solve problems involving multiplication and division.,3.OA,Operations and Algebraic Thinking,3.OA.3
C,3.OA.4.C,4,4,3.OA.4,Determine the unknown whole number in a multiplication or division equation relating three whole numbers. For example determine the unknown number that makes the equation true in each of the equations 8 × ? = 48 5 = ? ÷ 3 6 × 6 = ?.,A,Represent and solve problems involving multiplication and division.,3.OA,Operations and Algebraic Thinking,3.OA.4
C,3.OA.5.C,5,5,3.OA.5,Apply properties of operations as strategies to multiply and divide. Examples: If 6 × 4 = 24 is known then 4 × 6 = 24 is also known. (Commutative property of multiplication.) 3 × 5 × 2 can be found by 3 × 5 = 15 then 15 × 2 = 30 or by 5 × 2 = 10 then 3 × 10 = 30. (Associative property of multiplication.) Knowing that 8 × 5 = 40 and 8 × 2 = 16 one can find 8 × 7 as 8 × (5 + 2) = (8 × 5) + (8 × 2) = 40 + 16 = 56. (Distributive property.),B,Understand properties of multiplication and the relationship between multiplication and division.,3.OA,Operations and Algebraic Thinking,3.OA.5
C,3.OA.6.C,6,6,3.OA.6,Understand division as an unknown-factor problem. For example find 32 ÷ 8 by finding the number that makes 32 when multiplied by 8.,B,Understand properties of multiplication and the relationship between multiplication and division.,3.OA,Operations and Algebraic Thinking,3.OA.6
C,3.OA.7.C,7,7,3.OA.7,Fluently multiply and divide within 100 using strategies such as the relationship between multiplication and division (e.g. knowing that 8 × 5 = 40 one knows 40 ÷ 5 = 8) or properties of operations. By the end of Grade 3 know from memory all products of two one-digit numbers.,C,Multiply and divide within 100.,3.OA,Operations and Algebraic Thinking,3.OA.7
C,3.OA.8.C,8,8,3.OA.8,Solve two-step word problems using the four operations. Represent these problems using equations with a letter standing for the unknown quantity. Assess the reasonableness of answers using mental computation and estimation strategies including rounding.,D,Solve problems involving the four operations and identify and explain patterns in arithmetic.,3.OA,Operations and Algebraic Thinking,3.OA.8
C,3.OA.9.C,9,9,3.OA.9,Identify arithmetic patterns (including patterns in the addition table or multiplication table) and explain them using properties of operations. For example observe that 4 times a number is always even and explain why 4 times a number can be decomposed into two equal addends.,D,Solve problems involving the four operations and identify and explain patterns in arithmetic.,3.OA,Operations and Algebraic Thinking,3.OA.9
C,3.NBT.1.C,1,1,3.NBT.1,Use place value understanding to round whole numbers to the nearest 10 or 100.,A,Use place value understanding and properties of operations to perform multi-digit arithmetic.,3.NBT,Number and Operations in Base Ten,3.NBT.1
C,3.NBT.2.C,2,2,3.NBT.2,Fluently add and subtract within 1000 using strategies and algorithms based on place value properties of operations and/or the relationship between addition and subtraction.,A,Use place value understanding and properties of operations to perform multi-digit arithmetic.,3.NBT,Number and Operations in Base Ten,3.NBT.2
C,3.NBT.3.C,3,3,3.NBT.3,Multiply one-digit whole numbers by multiples of 10 in the range 10–90 (e.g. 9 × 80 5 × 60) using strategies based on place value and properties of operations.,A,Use place value understanding and properties of operations to perform multi-digit arithmetic.,3.NBT,Number and Operations in Base Ten,3.NBT.3
C,3.NF.1.C,1,1,3.NF.1,Understand a fraction 1/b as the quantity formed by 1 part when a whole is partitioned into b equal parts; understand a fraction a/b as the quantity formed by a parts of size 1/b.,A,Develop understanding of fractions as numbers.,3.NF,Number and Operations—Fractions,3.NF.1
C,3.NF.2A.C,2A,2,3.NF.2A,Represent a fraction 1/ b on a number line diagram by defining the interval from 0 to 1 as the whole and partitioning it into b equal parts. Recognize that each part has size 1/b and that the endpoint of the part based at 0 locates the number 1/b on the number line.,A,Develop understanding of fractions as numbers.,3.NF,Number and Operations—Fractions,3.NF.2
C,3.NF.2B.C,2B,3,3.NF.2B,Represent a fraction a/b on a number line diagram by marking off a lengths 1/b from 0. Recognize that the resulting interval has size a/b and that its endpoint locates the number a/b on the number line.,A,Develop understanding of fractions as numbers.,3.NF,Number and Operations—Fractions,3.NF.3
C,3.NF.3A.C,3A,4,3.NF.3A,Understand two fractions as equivalent (equal) if they are the same size or the same point on a number line.,A,Develop understanding of fractions as numbers.,3.NF,Number and Operations—Fractions,3.NF.4
C,3.NF.3B.C,3B,5,3.NF.3B,Recognize and generate simple equivalent fractions e.g. 1/2 = 2/4 4/6 = 2/3. Explain why the fractions are equivalent e.g. by using a visual fraction model.,A,Develop understanding of fractions as numbers.,3.NF,Number and Operations—Fractions,3.NF.5
C,3.NF.3C.C,3C,6,3.NF.3C,Express whole numbers as fractions and recognize fractions that are equivalent to whole numbers. Examples: Express 3 in the form 3 = 3/1; recognize that 6/1 = 6; locate 4/4 and 1 at the same point of a number line diagram.,A,Develop understanding of fractions as numbers.,3.NF,Number and Operations—Fractions,3.NF.6
C,3.NF.3D.C,3D,7,3.NF.3D,Compare two fractions with the same numerator or the same denominator by reasoning about their size. Recognize that comparisons are valid only when the two fractions refer to the same whole. Record the results of comparisons with the symbols > = or < and justify the conclusions e.g. by using a visual fraction model.,A,Develop understanding of fractions as numbers.,3.NF,Number and Operations—Fractions,3.NF.7
C,3.MD.1.C,1,1,3.MD.1,Tell and write time to the nearest minute and measure time intervals in minutes. Solve word problems involving addition and subtraction of time intervals in minutes e.g. by representing the problem on a number line diagram.,A,Solve problems involving measurement and estimation of intervals of time liquid volumes and masses of objects.,3.MD,Measurement and Data,3.MD.1
C,3.MD.2.C,2,2,3.MD.2,Measure and estimate liquid volumes and masses of objects using standard units of grams (g) kilograms (kg) and liters (l). Add subtract multiply or divide to solve one-step word problems involving masses or volumes that are given in the same units e.g. by using drawings (such as a beaker with a measurement scale) to represent the problem.,A,Solve problems involving measurement and estimation of intervals of time liquid volumes and masses of objects.,3.MD,Measurement and Data,3.MD.2
C,3.MD.3.C,3,3,3.MD.3,Draw a scaled picture graph and a scaled bar graph to represent a data set with several categories. Solve one- and two-step “how many more” and “how many less” problems using information presented in scaled bar graphs. For example draw a bar graph in which each square in the bar graph might represent 5 pets.,B,Represent and interpret data,3.MD,Measurement and Data,3.MD.3
C,3.MD.4.C,4,4,3.MD.4,Generate measurement data by measuring lengths using rulers marked with halves and fourths of an inch. Show the data by making a line plot where the horizontal scale is marked off in appropriate units—whole numbers halves or quarters.,B,Represent and interpret data,3.MD,Measurement and Data,3.MD.4
C,3.MD.5A.C,5A,5,3.MD.5A,A square with side length 1 unit called “a unit square” is said to have “one square unit” of area and can be used to measure area.,C,Geometric measurement: understand concepts of area and relate area to multiplication and to addition.,3.MD,Measurement and Data,3.MD.5
C,3.MD.5B.C,5B,6,3.MD.5B,A plane figure which can be covered without gaps or overlaps by n unit squares is said to have an area of n square units.,C,Geometric measurement: understand concepts of area and relate area to multiplication and to addition.,3.MD,Measurement and Data,3.MD.6
C,3.MD.6.C,6,7,3.MD.6,Measure areas by counting unit squares (square cm square m square in square ft and improvised units).,C,Geometric measurement: understand concepts of area and relate area to multiplication and to addition.,3.MD,Measurement and Data,3.MD.7
C,3.MD.7A.C,7A,8,3.MD.7A,Find the area of a rectangle with whole-number side lengths by tiling it and show that the area is the same as would be found by multiplying the side lengths.,C,Geometric measurement: understand concepts of area and relate area to multiplication and to addition.,3.MD,Measurement and Data,3.MD.8
C,3.MD.7B.C,7B,9,3.MD.7B,Multiply side lengths to find areas of rectangles with whole-number side lengths in the context of solving real world and mathematical problems and represent whole-number products as rectangular areas in mathematical reasoning.,C,Geometric measurement: understand concepts of area and relate area to multiplication and to addition.,3.MD,Measurement and Data,3.MD.9
C,3.MD.7C.C,7C,10,3.MD.7C,Use tiling to show in a concrete case that the area of a rectangle with whole-number side lengths a and b + c is the sum of a × b and a × c. Use area models to represent the distributive property in mathematical reasoning.,C,Geometric measurement: understand concepts of area and relate area to multiplication and to addition.,3.MD,Measurement and Data,3.MD.10
C,3.MD.7D.C,7D,11,3.MD.7D,Recognize area as additive. Find areas of rectilinear figures by decomposing them into non-overlapping rectangles and adding the areas of the nonoverlapping parts applying this technique to solve real world problems.,C,Geometric measurement: understand concepts of area and relate area to multiplication and to addition.,3.MD,Measurement and Data,3.MD.11
C,3.MD.8.C,8,12,3.MD.8,Solve real world and mathematical problems involving perimeters of polygons including finding the perimeter given the side lengths finding an unknown side length and exhibiting rectangles with the same perimeter and different areas or with the same area and different perimeters.,D,Geometric measurement: recognize perimeter as an attribute of plane figures and distinguish between linear and area measures.,3.MD,Measurement and Data,3.MD.12
C,3.G.1.C,1,1,3.G.1,Understand that shapes in different categories (e.g. rhombuses rectangles and others) may share attributes (e.g. having four sides) and that the shared attributes can define a larger category (e.g. quadrilaterals). Recognize rhombuses rectangles and squares as examples of quadrilaterals and draw examples of quadrilaterals that do not belong to any of these subcategories.,A,Reason with shapes and their attributes.,3.G,Geometry,3.G.1
C,3.G.2.C,2,2,3.G.2,Partition shapes into parts with equal areas. Express the area of each part as a unit fraction of the whole. For example partition a shape into 4 parts with equal area and describe the area of each part as 1/4 of the area of the shape.,A,Reason with shapes and their attributes.,3.G,Geometry,3.G.2
D,3.OA.2.D,2,2,3.OA.2,Interpret whole-number quotients of whole numbers e.g. interpret 56 ÷ 8 as the number of objects in each share when 56 objects are partitioned \equally into 8 shares or as a number of shares when 56 objects are partitioned into equal shares of 8 objects each. For example describe a context in which a number of shares or a number of groups can be expressed as 56 ÷ 8.,A,Represent and solve problems involving multiplication and division.,3.OA,Operations and Algebraic Thinking,3.OA.2
D,3.OA.3.D,3,3,3.OA.3,Use multiplication and division within 100 to solve word problems in situations involving equal groups arrays and measurement quantities e.g. by using drawings and equations with a symbol for the  unknown number to represent the problem.,A,Represent and solve problems involving multiplication and division.,3.OA,Operations and Algebraic Thinking,3.OA.3
D,3.OA.4.D,4,4,3.OA.4,Determine the unknown whole number in a multiplication or division equation relating three whole numbers. For example determine the unknown number that makes the equation true in each of the equations 8 × ? = 48 5 = ? ÷ 3 6 × 6 = ?.,A,Represent and solve problems involving multiplication and division.,3.OA,Operations and Algebraic Thinking,3.OA.4
D,3.OA.5.D,5,5,3.OA.5,Apply properties of operations as strategies to multiply and divide. Examples: If 6 × 4 = 24 is known then 4 × 6 = 24 is also known. (Commutative property of multiplication.) 3 × 5 × 2 can be found by 3 × 5 = 15 then 15 × 2 = 30 or by 5 × 2 = 10 then 3 × 10 = 30. (Associative property of multiplication.) Knowing that 8 × 5 = 40 and 8 × 2 = 16 one can find 8 × 7 as 8 × (5 + 2) = (8 × 5) + (8 × 2) = 40 + 16 = 56. (Distributive property.),B,Understand properties of multiplication and the relationship between multiplication and division.,3.OA,Operations and Algebraic Thinking,3.OA.5
D,3.OA.6.D,6,6,3.OA.6,Understand division as an unknown-factor problem. For example find 32 ÷ 8 by finding the number that makes 32 when multiplied by 8.,B,Understand properties of multiplication and the relationship between multiplication and division.,3.OA,Operations and Algebraic Thinking,3.OA.6
D,3.OA.7.D,7,7,3.OA.7,Fluently multiply and divide within 100 using strategies such as the relationship between multiplication and division (e.g. knowing that 8 × 5 = 40 one knows 40 ÷ 5 = 8) or properties of operations. By the end of Grade 3 know from memory all products of two one-digit numbers.,C,Multiply and divide within 100.,3.OA,Operations and Algebraic Thinking,3.OA.7
D,3.OA.8.D,8,8,3.OA.8,Solve two-step word problems using the four operations. Represent these problems using equations with a letter standing for the unknown quantity. Assess the reasonableness of answers using mental computation and estimation strategies including rounding.,D,Solve problems involving the four operations and identify and explain patterns in arithmetic.,3.OA,Operations and Algebraic Thinking,3.OA.8
D,3.OA.9.D,9,9,3.OA.9,Identify arithmetic patterns (including patterns in the addition table or multiplication table) and explain them using properties of operations. For example observe that 4 times a number is always even and explain why 4 times a number can be decomposed into two equal addends.,D,Solve problems involving the four operations and identify and explain patterns in arithmetic.,3.OA,Operations and Algebraic Thinking,3.OA.9
D,3.MD.1.D,1,1,3.MD.1,Tell and write time to the nearest minute and measure time intervals in minutes. Solve word problems involving addition and subtraction of time intervals in minutes e.g. by representing the problem on a number line diagram.,A,Solve problems involving measurement and estimation of intervals of time liquid volumes and masses of objects.,3.MD,Measurement and Data,3.MD.1
D,3.MD.2.D,2,2,3.MD.2,Measure and estimate liquid volumes and masses of objects using standard units of grams (g) kilograms (kg) and liters (l). Add subtract multiply or divide to solve one-step word problems involving masses or volumes that are given in the same units e.g. by using drawings (such as a beaker with a measurement scale) to represent the problem.,A,Solve problems involving measurement and estimation of intervals of time liquid volumes and masses of objects.,3.MD,Measurement and Data,3.MD.2
D,3.MD.3.D,3,3,3.MD.3,Draw a scaled picture graph and a scaled bar graph to represent a data set with several categories. Solve one- and two-step “how many more” and “how many less” problems using information presented in scaled bar graphs. For example draw a bar graph in which each square in the bar graph might represent 5 pets.,B,Represent and interpret data,3.MD,Measurement and Data,3.MD.3
D,3.MD.4.D,4,4,3.MD.4,Generate measurement data by measuring lengths using rulers marked with halves and fourths of an inch. Show the data by making a line plot where the horizontal scale is marked off in appropriate units—whole numbers halves or quarters.,B,Represent and interpret data,3.MD,Measurement and Data,3.MD.4
D,3.MD.5A.D,5A,5,3.MD.5A,A square with side length 1 unit called “a unit square” is said to have “one square unit” of area and can be used to measure area.,C,Geometric measurement: understand concepts of area and relate area to multiplication and to addition.,3.MD,Measurement and Data,3.MD.5
D,3.MD.5B.D,5B,6,3.MD.5B,A plane figure which can be covered without gaps or overlaps by n unit squares is said to have an area of n square units.,C,Geometric measurement: understand concepts of area and relate area to multiplication and to addition.,3.MD,Measurement and Data,3.MD.6
D,3.MD.6.D,6,7,3.MD.6,Measure areas by counting unit squares (square cm square m square in square ft and improvised units).,C,Geometric measurement: understand concepts of area and relate area to multiplication and to addition.,3.MD,Measurement and Data,3.MD.7
D,3.MD.7A.D,7A,8,3.MD.7A,Find the area of a rectangle with whole-number side lengths by tiling it and show that the area is the same as would be found by multiplying the side lengths.,C,Geometric measurement: understand concepts of area and relate area to multiplication and to addition.,3.MD,Measurement and Data,3.MD.8
D,3.MD.7B.D,7B,9,3.MD.7B,Multiply side lengths to find areas of rectangles with whole-number side lengths in the context of solving real world and mathematical problems and represent whole-number products as rectangular areas in mathematical reasoning.,C,Geometric measurement: understand concepts of area and relate area to multiplication and to addition.,3.MD,Measurement and Data,3.MD.9
D,3.MD.7C.D,7C,10,3.MD.7C,Use tiling to show in a concrete case that the area of a rectangle with whole-number side lengths a and b + c is the sum of a × b and a × c. Use area models to represent the distributive property in mathematical reasoning.,C,Geometric measurement: understand concepts of area and relate area to multiplication and to addition.,3.MD,Measurement and Data,3.MD.10
D,3.MD.7D.D,7D,11,3.MD.7D,Recognize area as additive. Find areas of rectilinear figures by decomposing them into non-overlapping rectangles and adding the areas of the nonoverlapping parts applying this technique to solve real world problems.,C,Geometric measurement: understand concepts of area and relate area to multiplication and to addition.,3.MD,Measurement and Data,3.MD.11
D,3.MD.8.D,8,12,3.MD.8,Solve real world and mathematical problems involving perimeters of polygons including finding the perimeter given the side lengths finding an unknown side length and exhibiting rectangles with the same perimeter and different areas or with the same area and different perimeters.,D,Geometric measurement: recognize perimeter as an attribute of plane figures and distinguish between linear and area measures.,3.MD,Measurement and Data,3.MD.12
D,3.G.1.D,1,1,3.G.1,Understand that shapes in different categories (e.g. rhombuses rectangles and others) may share attributes (e.g. having four sides) and that the shared attributes can define a larger category (e.g. quadrilaterals). Recognize rhombuses rectangles and squares as examples of quadrilaterals and draw examples of quadrilaterals that do not belong to any of these subcategories.,A,Reason with shapes and their attributes.,3.G,Geometry,3.G.1
D,3.G.2.D,2,2,3.G.2,Partition shapes into parts with equal areas. Express the area of each part as a unit fraction of the whole. For example partition a shape into 4 parts with equal area and describe the area of each part as 1/4 of the area of the shape.,A,Reason with shapes and their attributes.,3.G,Geometry,3.G.2
E,3.NBT.1.E,1,1,3.NBT.1,Use place value understanding to round whole numbers to the nearest 10 or 100.,A,Use place value understanding and properties of operations to perform multi-digit arithmetic.,3.NBT,Number and Operations in Base Ten,3.NBT.1
E,3.NBT.2.E,2,2,3.NBT.2,Fluently add and subtract within 1000 using strategies and algorithms based on place value properties of operations and/or the relationship between addition and subtraction.,A,Use place value understanding and properties of operations to perform multi-digit arithmetic.,3.NBT,Number and Operations in Base Ten,3.NBT.2
E,3.NBT.3.E,3,3,3.NBT.3,Multiply one-digit whole numbers by multiples of 10 in the range 10–90 (e.g. 9 × 80 5 × 60) using strategies based on place value and properties of operations.,A,Use place value understanding and properties of operations to perform multi-digit arithmetic.,3.NBT,Number and Operations in Base Ten,3.NBT.3
E,3.NF.1.E,1,1,3.NF.1,Understand a fraction 1/b as the quantity formed by 1 part when a whole is partitioned into b equal parts; understand a fraction a/b as the quantity formed by a parts of size 1/b.,A,Develop understanding of fractions as numbers.,3.NF,Number and Operations—Fractions,3.NF.1
E,3.NF.2A.E,2A,2,3.NF.2A,Represent a fraction 1/ b on a number line diagram by defining the interval from 0 to 1 as the whole and partitioning it into b equal parts. Recognize that each part has size 1/b and that the endpoint of the part based at 0 locates the number 1/b on the number line.,A,Develop understanding of fractions as numbers.,3.NF,Number and Operations—Fractions,3.NF.2
E,3.NF.2B.E,2B,3,3.NF.2B,Represent a fraction a/b on a number line diagram by marking off a lengths 1/b from 0. Recognize that the resulting interval has size a/b and that its endpoint locates the number a/b on the number line.,A,Develop understanding of fractions as numbers.,3.NF,Number and Operations—Fractions,3.NF.3
E,3.NF.3A.E,3A,4,3.NF.3A,Understand two fractions as equivalent (equal) if they are the same size or the same point on a number line.,A,Develop understanding of fractions as numbers.,3.NF,Number and Operations—Fractions,3.NF.4
E,3.NF.3B.E,3B,5,3.NF.3B,Recognize and generate simple equivalent fractions e.g. 1/2 = 2/4 4/6 = 2/3. Explain why the fractions are equivalent e.g. by using a visual fraction model.,A,Develop understanding of fractions as numbers.,3.NF,Number and Operations—Fractions,3.NF.5
E,3.NF.3C.E,3C,6,3.NF.3C,Express whole numbers as fractions and recognize fractions that are equivalent to whole numbers. Examples: Express 3 in the form 3 = 3/1; recognize that 6/1 = 6; locate 4/4 and 1 at the same point of a number line diagram.,A,Develop understanding of fractions as numbers.,3.NF,Number and Operations—Fractions,3.NF.6
E,3.NF.3D.E,3D,7,3.NF.3D,Compare two fractions with the same numerator or the same denominator by reasoning about their size. Recognize that comparisons are valid only when the two fractions refer to the same whole. Record the results of comparisons with the symbols > = or < and justify the conclusions e.g. by using a visual fraction model.,A,Develop understanding of fractions as numbers.,3.NF,Number and Operations—Fractions,3.NF.7
E,3.MD.1.E,1,1,3.MD.1,Tell and write time to the nearest minute and measure time intervals in minutes. Solve word problems involving addition and subtraction of time intervals in minutes e.g. by representing the problem on a number line diagram.,A,Solve problems involving measurement and estimation of intervals of time liquid volumes and masses of objects.,3.MD,Measurement and Data,3.MD.1
E,3.MD.2.E,2,2,3.MD.2,Measure and estimate liquid volumes and masses of objects using standard units of grams (g) kilograms (kg) and liters (l). Add subtract multiply or divide to solve one-step word problems involving masses or volumes that are given in the same units e.g. by using drawings (such as a beaker with a measurement scale) to represent the problem.,A,Solve problems involving measurement and estimation of intervals of time liquid volumes and masses of objects.,3.MD,Measurement and Data,3.MD.2
E,3.MD.3.E,3,3,3.MD.3,Draw a scaled picture graph and a scaled bar graph to represent a data set with several categories. Solve one- and two-step “how many more” and “how many less” problems using information presented in scaled bar graphs. For example draw a bar graph in which each square in the bar graph might represent 5 pets.,B,Represent and interpret data,3.MD,Measurement and Data,3.MD.3
E,3.MD.4.E,4,4,3.MD.4,Generate measurement data by measuring lengths using rulers marked with halves and fourths of an inch. Show the data by making a line plot where the horizontal scale is marked off in appropriate units—whole numbers halves or quarters.,B,Represent and interpret data,3.MD,Measurement and Data,3.MD.4
E,3.MD.5A.E,5A,5,3.MD.5A,A square with side length 1 unit called “a unit square” is said to have “one square unit” of area and can be used to measure area.,C,Geometric measurement: understand concepts of area and relate area to multiplication and to addition.,3.MD,Measurement and Data,3.MD.5
E,3.MD.5B.E,5B,6,3.MD.5B,A plane figure which can be covered without gaps or overlaps by n unit squares is said to have an area of n square units.,C,Geometric measurement: understand concepts of area and relate area to multiplication and to addition.,3.MD,Measurement and Data,3.MD.6
E,3.MD.6.E,6,7,3.MD.6,Measure areas by counting unit squares (square cm square m square in square ft and improvised units).,C,Geometric measurement: understand concepts of area and relate area to multiplication and to addition.,3.MD,Measurement and Data,3.MD.7
E,3.MD.7A.E,7A,8,3.MD.7A,Find the area of a rectangle with whole-number side lengths by tiling it and show that the area is the same as would be found by multiplying the side lengths.,C,Geometric measurement: understand concepts of area and relate area to multiplication and to addition.,3.MD,Measurement and Data,3.MD.8
E,3.MD.7B.E,7B,9,3.MD.7B,Multiply side lengths to find areas of rectangles with whole-number side lengths in the context of solving real world and mathematical problems and represent whole-number products as rectangular areas in mathematical reasoning.,C,Geometric measurement: understand concepts of area and relate area to multiplication and to addition.,3.MD,Measurement and Data,3.MD.9
E,3.MD.7C.E,7C,10,3.MD.7C,Use tiling to show in a concrete case that the area of a rectangle with whole-number side lengths a and b + c is the sum of a × b and a × c. Use area models to represent the distributive property in mathematical reasoning.,C,Geometric measurement: understand concepts of area and relate area to multiplication and to addition.,3.MD,Measurement and Data,3.MD.10
E,3.MD.7D.E,7D,11,3.MD.7D,Recognize area as additive. Find areas of rectilinear figures by decomposing them into non-overlapping rectangles and adding the areas of the nonoverlapping parts applying this technique to solve real world problems.,C,Geometric measurement: understand concepts of area and relate area to multiplication and to addition.,3.MD,Measurement and Data,3.MD.11
E,3.MD.8.E,8,12,3.MD.8,Solve real world and mathematical problems involving perimeters of polygons including finding the perimeter given the side lengths finding an unknown side length and exhibiting rectangles with the same perimeter and different areas or with the same area and different perimeters.,D,Geometric measurement: recognize perimeter as an attribute of plane figures and distinguish between linear and area measures.,3.MD,Measurement and Data,3.MD.12
E,3.G.1.E,1,1,3.G.1,Understand that shapes in different categories (e.g. rhombuses rectangles and others) may share attributes (e.g. having four sides) and that the shared attributes can define a larger category (e.g. quadrilaterals). Recognize rhombuses rectangles and squares as examples of quadrilaterals and draw examples of quadrilaterals that do not belong to any of these subcategories.,A,Reason with shapes and their attributes.,3.G,Geometry,3.G.1
E,3.G.2.E,2,2,3.G.2,Partition shapes into parts with equal areas. Express the area of each part as a unit fraction of the whole. For example partition a shape into 4 parts with equal area and describe the area of each part as 1/4 of the area of the shape.,A,Reason with shapes and their attributes.,3.G,Geometry,3.G.2
